frame,video,segundo,brillo_medio,nitidez,pct_quemado,n_detecciones,confianza_media
frame_00000_t0000.00.jpg,DJI_20260817185708_0001_D,0.0,123.17,928.84,0.29,2,0.3191
frame_00001_t0001.00.jpg,DJI_20260817185708_0001_D,1.0,122.9,955.84,0.28,2,0.3566
frame_00002_t0002.00.jpg,DJI_20260817185708_0001_D,2.0,123.37,984.13,0.28,2,0.3795
frame_00003_t0003.00.jpg,DJI_20260817185708_0001_D,3.0,123.68,987.25,0.29,4,0.3494
frame_00004_t0004.00.jpg,DJI_20260817185708_0001_D,4.0,123.49,972.16,0.34,2,0.498
frame_00005_t0005.00.jpg,DJI_20260817185708_0001_D,5.0,123.56,1054.17,0.55,2,0.2932
frame_00006_t0006.01.jpg,DJI_20260817185708_0001_D,6.01,125.2,1093.37,0.89,2,0.2823
frame_00007_t0007.01.jpg,DJI_20260817185708_0001_D,7.01,125.93,995.74,0.89,4,0.3781
frame_00008_t0008.01.jpg,DJI_20260817185708_0001_D,8.01,126.24,1007.09,0.81,3,0.3743
frame_00009_t0009.01.jpg,DJI_20260817185708_0001_D,9.01,125.07,1010.56,0.79,2,0.4546
frame_00010_t0010.01.jpg,DJI_20260817185708_0001_D,10.01,122.94,1049.11,0.68,4,0.369
frame_00011_t0011.01.jpg,DJI_20260817185708_0001_D,11.01,118.98,1026.41,0.7,1,0.6808
frame_00012_t0012.01.jpg,DJI_20260817185708_0001_D,12.01,117.52,1058.86,0.55,1,0.4966
frame_00013_t0013.01.jpg,DJI_20260817185708_0001_D,13.01,117.82,1064.65,0.28,0,
frame_00014_t0014.01.jpg,DJI_20260817185708_0001_D,14.01,119.09,1083.2,0.26,1,0.2923
frame_00015_t0015.01.jpg,DJI_20260817185708_0001_D,15.01,120.69,1167.36,0.27,0,
frame_00016_t0016.02.jpg,DJI_20260817185708_0001_D,16.02,121.52,1116.08,0.29,0,
frame_00017_t0017.02.jpg,DJI_20260817185708_0001_D,17.02,122.36,1099.47,0.31,0,
frame_00018_t0018.02.jpg,DJI_20260817185708_0001_D,18.02,122.93,1116.25,0.33,0,
frame_00019_t0019.02.jpg,DJI_20260817185708_0001_D,19.02,123.62,1096.74,0.34,0,
frame_00020_t0020.02.jpg,DJI_20260817185708_0001_D,20.02,124.41,1132.93,0.36,0,
frame_00021_t0021.02.jpg,DJI_20260817185708_0001_D,21.02,125.27,1085.82,0.38,0,
frame_00022_t0022.02.jpg,DJI_20260817185708_0001_D,22.02,125.47,1104.06,0.4,0,
frame_00023_t0023.02.jpg,DJI_20260817185708_0001_D,23.02,124.92,1111.28,0.42,0,
frame_00024_t0024.02.jpg,DJI_20260817185708_0001_D,24.02,123.1,1139.91,0.47,0,
frame_00025_t0025.02.jpg,DJI_20260817185708_0001_D,25.02,121.72,1211.32,0.52,0,
frame_00026_t0026.03.jpg,DJI_20260817185708_0001_D,26.03,120.38,1112.93,0.58,2,0.5432
frame_00000_t0000.00.jpg,DJI_20260817185751_0002_D,0.0,135.16,778.27,1.05,1,0.2617
frame_00001_t0001.00.jpg,DJI_20260817185751_0002_D,1.0,134.85,810.04,0.98,1,0.2554
frame_00002_t0002.00.jpg,DJI_20260817185751_0002_D,2.0,134.39,816.56,0.96,1,0.4425
frame_00003_t0003.00.jpg,DJI_20260817185751_0002_D,3.0,133.91,822.42,0.94,1,0.2553
frame_00004_t0004.00.jpg,DJI_20260817185751_0002_D,4.0,133.84,819.75,0.9,2,0.2754
frame_00005_t0005.00.jpg,DJI_20260817185751_0002_D,5.0,133.81,881.6,0.83,2,0.5297
frame_00006_t0006.01.jpg,DJI_20260817185751_0002_D,6.01,134.38,825.47,0.88,0,
frame_00007_t0007.01.jpg,DJI_20260817185751_0002_D,7.01,134.31,808.18,0.87,1,0.3048
frame_00008_t0008.01.jpg,DJI_20260817185751_0002_D,8.01,133.82,803.08,0.89,1,0.3064
frame_00009_t0009.01.jpg,DJI_20260817185751_0002_D,9.01,133.34,806.18,0.89,0,
frame_00010_t0010.01.jpg,DJI_20260817185751_0002_D,10.01,133.04,856.7,0.9,0,
frame_00011_t0011.01.jpg,DJI_20260817185751_0002_D,11.01,133.04,783.27,0.9,1,0.2633
frame_00012_t0012.01.jpg,DJI_20260817185751_0002_D,12.01,132.82,768.09,0.87,0,
frame_00013_t0013.01.jpg,DJI_20260817185751_0002_D,13.01,132.31,768.66,0.87,1,0.2791
frame_00014_t0014.01.jpg,DJI_20260817185751_0002_D,14.01,132.22,766.49,0.88,1,0.3856
frame_00015_t0015.01.jpg,DJI_20260817185751_0002_D,15.01,131.85,809.78,0.8,3,0.4189
frame_00016_t0016.02.jpg,DJI_20260817185751_0002_D,16.02,131.87,747.7,0.8,0,
frame_00017_t0017.02.jpg,DJI_20260817185751_0002_D,17.02,131.76,751.47,0.77,0,
frame_00018_t0018.02.jpg,DJI_20260817185751_0002_D,18.02,132.0,732.71,0.75,1,0.2622
frame_00019_t0019.02.jpg,DJI_20260817185751_0002_D,19.02,132.06,717.52,0.72,0,
frame_00020_t0020.02.jpg,DJI_20260817185751_0002_D,20.02,132.22,776.48,0.69,1,0.2565
frame_00021_t0021.02.jpg,DJI_20260817185751_0002_D,21.02,132.74,716.14,0.66,1,0.2735
frame_00022_t0022.02.jpg,DJI_20260817185751_0002_D,22.02,133.65,726.22,0.63,0,
frame_00023_t0023.02.jpg,DJI_20260817185751_0002_D,23.02,134.11,719.23,0.62,0,
frame_00024_t0024.02.jpg,DJI_20260817185751_0002_D,24.02,135.48,728.62,0.67,0,
frame_00025_t0025.02.jpg,DJI_20260817185751_0002_D,25.02,136.47,785.98,0.71,1,0.2655
frame_00026_t0026.03.jpg,DJI_20260817185751_0002_D,26.03,137.58,737.46,0.76,0,
frame_00027_t0027.03.jpg,DJI_20260817185751_0002_D,27.03,137.94,743.28,0.74,0,
frame_00028_t0028.03.jpg,DJI_20260817185751_0002_D,28.03,137.8,747.86,0.72,2,0.3059
frame_00029_t0029.03.jpg,DJI_20260817185751_0002_D,29.03,137.65,746.44,0.68,1,0.5731
frame_00030_t0030.03.jpg,DJI_20260817185751_0002_D,30.03,137.58,792.11,0.62,1,0.4079
frame_00031_t0031.03.jpg,DJI_20260817185751_0002_D,31.03,137.33,743.42,0.56,1,0.255
frame_00032_t0032.03.jpg,DJI_20260817185751_0002_D,32.03,136.59,724.21,0.5,3,0.407
frame_00033_t0033.03.jpg,DJI_20260817185751_0002_D,33.03,136.45,724.53,0.48,2,0.3047
frame_00034_t0034.03.jpg,DJI_20260817185751_0002_D,34.03,135.94,720.56,0.46,0,
frame_00035_t0035.03.jpg,DJI_20260817185751_0002_D,35.03,136.63,794.81,0.49,0,
frame_00036_t0036.04.jpg,DJI_20260817185751_0002_D,36.04,134.98,743.12,0.52,0,
frame_00037_t0037.04.jpg,DJI_20260817185751_0002_D,37.04,133.74,738.77,0.47,0,
frame_00038_t0038.04.jpg,DJI_20260817185751_0002_D,38.04,132.22,746.42,0.47,1,0.3636
frame_00039_t0039.04.jpg,DJI_20260817185751_0002_D,39.04,132.27,738.52,0.47,0,
frame_00040_t0040.04.jpg,DJI_20260817185751_0002_D,40.04,132.62,781.69,0.51,0,
frame_00041_t0041.04.jpg,DJI_20260817185751_0002_D,41.04,133.49,719.38,0.52,1,0.2843
frame_00000_t0000.00.jpg,DJI_20260817185843_0003_D,0.0,151.17,1521.44,0.75,0,
frame_00001_t0001.00.jpg,DJI_20260817185843_0003_D,1.0,151.12,1590.67,0.85,0,
frame_00002_t0002.00.jpg,DJI_20260817185843_0003_D,2.0,150.39,1425.42,0.78,0,
frame_00003_t0003.00.jpg,DJI_20260817185843_0003_D,3.0,148.91,1423.62,0.68,0,
frame_00004_t0004.00.jpg,DJI_20260817185843_0003_D,4.0,147.22,1382.67,0.64,1,0.2657
frame_00005_t0005.00.jpg,DJI_20260817185843_0003_D,5.0,147.32,1496.05,0.69,0,
frame_00006_t0006.01.jpg,DJI_20260817185843_0003_D,6.01,147.11,1405.82,0.77,0,
frame_00007_t0007.01.jpg,DJI_20260817185843_0003_D,7.01,146.54,1350.49,0.82,0,
frame_00008_t0008.01.jpg,DJI_20260817185843_0003_D,8.01,145.52,1356.7,0.94,0,
frame_00009_t0009.01.jpg,DJI_20260817185843_0003_D,9.01,143.83,1361.42,0.83,0,
frame_00010_t0010.01.jpg,DJI_20260817185843_0003_D,10.01,142.84,1445.49,0.89,0,
frame_00011_t0011.01.jpg,DJI_20260817185843_0003_D,11.01,142.46,1325.39,0.87,0,
frame_00012_t0012.01.jpg,DJI_20260817185843_0003_D,12.01,140.72,1330.49,0.84,2,0.2842
frame_00013_t0013.01.jpg,DJI_20260817185843_0003_D,13.01,140.06,1344.87,0.82,0,
frame_00014_t0014.01.jpg,DJI_20260817185843_0003_D,14.01,139.36,1351.68,0.89,0,
frame_00015_t0015.01.jpg,DJI_20260817185843_0003_D,15.01,138.91,1363.11,0.92,0,
frame_00016_t0016.02.jpg,DJI_20260817185843_0003_D,16.02,138.85,1313.56,0.88,0,
frame_00017_t0017.02.jpg,DJI_20260817185843_0003_D,17.02,138.44,1335.01,0.89,0,
frame_00018_t0018.02.jpg,DJI_20260817185843_0003_D,18.02,138.55,1365.8,0.95,0,
frame_00019_t0019.02.jpg,DJI_20260817185843_0003_D,19.02,138.49,1361.58,0.95,0,
frame_00020_t0020.02.jpg,DJI_20260817185843_0003_D,20.02,138.28,1482.76,0.98,0,
frame_00021_t0021.02.jpg,DJI_20260817185843_0003_D,21.02,137.15,1428.1,0.96,0,
frame_00022_t0022.02.jpg,DJI_20260817185843_0003_D,22.02,137.14,1434.41,1.01,0,
frame_00023_t0023.02.jpg,DJI_20260817185843_0003_D,23.02,136.7,1447.03,1.03,1,0.3406
frame_00024_t0024.02.jpg,DJI_20260817185843_0003_D,24.02,136.2,1353.23,1.02,2,0.3344
frame_00025_t0025.02.jpg,DJI_20260817185843_0003_D,25.02,136.18,1460.09,1.01,0,
frame_00026_t0026.03.jpg,DJI_20260817185843_0003_D,26.03,136.23,1473.31,1.02,1,0.2901
frame_00027_t0027.03.jpg,DJI_20260817185843_0003_D,27.03,136.27,1432.51,1.02,1,0.2604
frame_00028_t0028.03.jpg,DJI_20260817185843_0003_D,28.03,136.32,1443.14,1.02,1,0.2653
frame_00029_t0029.03.jpg,DJI_20260817185843_0003_D,29.03,136.24,1520.14,1.06,1,0.3
frame_00030_t0030.03.jpg,DJI_20260817185843_0003_D,30.03,136.25,1516.91,1.06,1,0.2906
frame_00031_t0031.03.jpg,DJI_20260817185843_0003_D,31.03,136.17,1503.94,1.09,0,
frame_00032_t0032.03.jpg,DJI_20260817185843_0003_D,32.03,136.02,1524.16,1.05,1,0.2678
frame_00033_t0033.03.jpg,DJI_20260817185843_0003_D,33.03,136.06,1538.37,1.06,0,
frame_00034_t0034.03.jpg,DJI_20260817185843_0003_D,34.03,136.16,1526.09,1.08,1,0.4138
frame_00035_t0035.03.jpg,DJI_20260817185843_0003_D,35.03,136.11,1537.3,1.08,0,
frame_00036_t0036.04.jpg,DJI_20260817185843_0003_D,36.04,135.89,1625.44,1.09,0,
frame_00037_t0037.04.jpg,DJI_20260817185843_0003_D,37.04,135.95,1562.86,1.07,1,0.2534
frame_00038_t0038.04.jpg,DJI_20260817185843_0003_D,38.04,135.95,1550.69,1.05,1,0.2926
frame_00039_t0039.04.jpg,DJI_20260817185843_0003_D,39.04,135.97,1673.05,1.06,1,0.2933
frame_00040_t0040.04.jpg,DJI_20260817185843_0003_D,40.04,136.01,1599.5,1.06,0,
frame_00041_t0041.04.jpg,DJI_20260817185843_0003_D,41.04,136.05,1639.42,1.05,0,
frame_00042_t0042.04.jpg,DJI_20260817185843_0003_D,42.04,135.9,1643.08,1.07,0,
frame_00043_t0043.04.jpg,DJI_20260817185843_0003_D,43.04,135.67,1664.17,1.06,0,
frame_00044_t0044.04.jpg,DJI_20260817185843_0003_D,44.04,135.86,1573.64,1.1,1,0.3308
frame_00045_t0045.04.jpg,DJI_20260817185843_0003_D,45.04,135.92,1628.15,1.11,2,0.2984
frame_00046_t0046.05.jpg,DJI_20260817185843_0003_D,46.05,135.89,1699.63,1.17,1,0.3131
frame_00000_t0000.00.jpg,DJI_20260817185938_0004_D,0.0,120.75,1211.64,0.4,0,
frame_00001_t0001.00.jpg,DJI_20260817185938_0004_D,1.0,120.61,1312.51,0.45,0,
frame_00002_t0002.00.jpg,DJI_20260817185938_0004_D,2.0,120.72,1327.55,0.46,0,
frame_00003_t0003.00.jpg,DJI_20260817185938_0004_D,3.0,120.83,1361.3,0.46,0,
frame_00004_t0004.00.jpg,DJI_20260817185938_0004_D,4.0,120.75,1397.5,0.47,0,
frame_00005_t0005.00.jpg,DJI_20260817185938_0004_D,5.0,120.5,1323.67,0.45,0,
frame_00006_t0006.01.jpg,DJI_20260817185938_0004_D,6.01,120.59,1329.15,0.47,0,
frame_00007_t0007.01.jpg,DJI_20260817185938_0004_D,7.01,120.65,1371.7,0.47,0,
frame_00008_t0008.01.jpg,DJI_20260817185938_0004_D,8.01,120.61,1374.61,0.47,1,0.3532
frame_00009_t0009.01.jpg,DJI_20260817185938_0004_D,9.01,120.67,1392.26,0.46,1,0.3852
frame_00010_t0010.01.jpg,DJI_20260817185938_0004_D,10.01,120.52,1487.47,0.45,0,
frame_00011_t0011.01.jpg,DJI_20260817185938_0004_D,11.01,120.54,1366.4,0.47,0,
frame_00012_t0012.01.jpg,DJI_20260817185938_0004_D,12.01,120.56,1377.34,0.46,0,
frame_00013_t0013.01.jpg,DJI_20260817185938_0004_D,13.01,120.42,1398.41,0.44,0,
frame_00014_t0014.01.jpg,DJI_20260817185938_0004_D,14.01,120.2,1397.68,0.44,0,
frame_00015_t0015.01.jpg,DJI_20260817185938_0004_D,15.01,120.16,1455.44,0.44,0,
frame_00016_t0016.02.jpg,DJI_20260817185938_0004_D,16.02,119.91,1423.03,0.46,0,
frame_00017_t0017.02.jpg,DJI_20260817185938_0004_D,17.02,119.97,1384.47,0.46,1,0.2583
frame_00018_t0018.02.jpg,DJI_20260817185938_0004_D,18.02,120.02,1452.47,0.45,0,
frame_00019_t0019.02.jpg,DJI_20260817185938_0004_D,19.02,119.81,1427.3,0.44,1,0.2588
frame_00020_t0020.02.jpg,DJI_20260817185938_0004_D,20.02,119.94,1515.37,0.39,0,
frame_00021_t0021.02.jpg,DJI_20260817185938_0004_D,21.02,119.78,1436.57,0.35,0,
frame_00022_t0022.02.jpg,DJI_20260817185938_0004_D,22.02,119.9,1496.33,0.34,0,
frame_00023_t0023.02.jpg,DJI_20260817185938_0004_D,23.02,120.67,1436.59,0.35,0,
frame_00024_t0024.02.jpg,DJI_20260817185938_0004_D,24.02,120.71,1499.47,0.36,0,
frame_00025_t0025.02.jpg,DJI_20260817185938_0004_D,25.02,120.59,1556.43,0.36,0,
frame_00026_t0026.03.jpg,DJI_20260817185938_0004_D,26.03,120.64,1509.72,0.38,0,
frame_00027_t0027.03.jpg,DJI_20260817185938_0004_D,27.03,120.67,1544.22,0.38,0,
frame_00028_t0028.03.jpg,DJI_20260817185938_0004_D,28.03,120.52,1520.22,0.37,0,
frame_00029_t0029.03.jpg,DJI_20260817185938_0004_D,29.03,120.57,1540.37,0.38,0,
frame_00030_t0030.03.jpg,DJI_20260817185938_0004_D,30.03,120.57,1579.62,0.36,1,0.257
frame_00031_t0031.03.jpg,DJI_20260817185938_0004_D,31.03,120.53,1546.88,0.37,0,
frame_00032_t0032.03.jpg,DJI_20260817185938_0004_D,32.03,120.74,1564.04,0.36,0,
frame_00033_t0033.03.jpg,DJI_20260817185938_0004_D,33.03,120.71,1576.75,0.37,0,
frame_00034_t0034.03.jpg,DJI_20260817185938_0004_D,34.03,121.11,1560.67,0.38,0,
frame_00035_t0035.03.jpg,DJI_20260817185938_0004_D,35.03,121.25,1643.34,0.38,0,
frame_00036_t0036.04.jpg,DJI_20260817185938_0004_D,36.04,121.5,1588.96,0.39,0,
frame_00000_t0000.00.jpg,DJI_20260817190026_0005_D,0.0,115.31,1980.67,0.25,0,
frame_00001_t0001.00.jpg,DJI_20260817190026_0005_D,1.0,112.33,1782.29,0.26,0,
frame_00002_t0002.00.jpg,DJI_20260817190026_0005_D,2.0,122.67,1959.97,0.34,1,0.5662
frame_00003_t0003.00.jpg,DJI_20260817190026_0005_D,3.0,130.72,2122.68,0.54,1,0.4771
frame_00004_t0004.00.jpg,DJI_20260817190026_0005_D,4.0,132.64,2356.79,0.68,1,0.2725
frame_00005_t0005.00.jpg,DJI_20260817190026_0005_D,5.0,132.02,2578.21,0.68,0,
frame_00006_t0006.01.jpg,DJI_20260817190026_0005_D,6.01,132.2,2450.52,0.75,1,0.2927
frame_00007_t0007.01.jpg,DJI_20260817190026_0005_D,7.01,132.33,2464.79,0.76,2,0.4177
frame_00008_t0008.01.jpg,DJI_20260817190026_0005_D,8.01,133.1,2463.86,0.81,2,0.396
frame_00009_t0009.01.jpg,DJI_20260817190026_0005_D,9.01,133.53,2456.94,0.85,0,
frame_00010_t0010.01.jpg,DJI_20260817190026_0005_D,10.01,133.59,2578.06,0.83,1,0.3027
frame_00011_t0011.01.jpg,DJI_20260817190026_0005_D,11.01,133.0,2416.99,0.87,0,
frame_00012_t0012.01.jpg,DJI_20260817190026_0005_D,12.01,132.91,2445.44,0.88,0,
frame_00013_t0013.01.jpg,DJI_20260817190026_0005_D,13.01,133.01,2410.47,0.89,0,
frame_00014_t0014.01.jpg,DJI_20260817190026_0005_D,14.01,132.39,2394.64,0.89,0,
frame_00015_t0015.01.jpg,DJI_20260817190026_0005_D,15.01,132.4,2580.98,0.85,0,
frame_00016_t0016.02.jpg,DJI_20260817190026_0005_D,16.02,131.98,2362.45,0.87,0,
frame_00017_t0017.02.jpg,DJI_20260817190026_0005_D,17.02,132.07,2391.98,0.83,0,
frame_00018_t0018.02.jpg,DJI_20260817190026_0005_D,18.02,132.3,2383.06,0.86,0,
frame_00019_t0019.02.jpg,DJI_20260817190026_0005_D,19.02,131.45,2338.98,0.82,1,0.291
frame_00020_t0020.02.jpg,DJI_20260817190026_0005_D,20.02,130.62,2497.13,0.76,1,0.3018
frame_00021_t0021.02.jpg,DJI_20260817190026_0005_D,21.02,130.16,2326.27,0.8,0,
frame_00022_t0022.02.jpg,DJI_20260817190026_0005_D,22.02,130.03,2370.49,0.81,0,
frame_00023_t0023.02.jpg,DJI_20260817190026_0005_D,23.02,130.12,2391.11,0.83,0,
frame_00024_t0024.02.jpg,DJI_20260817190026_0005_D,24.02,130.05,2408.44,0.85,0,
frame_00025_t0025.02.jpg,DJI_20260817190026_0005_D,25.02,130.41,2565.76,0.88,0,
frame_00026_t0026.03.jpg,DJI_20260817190026_0005_D,26.03,130.81,2417.62,0.87,0,
frame_00027_t0027.03.jpg,DJI_20260817190026_0005_D,27.03,130.9,2416.42,0.85,0,
frame_00028_t0028.03.jpg,DJI_20260817190026_0005_D,28.03,130.65,2445.81,0.89,0,
frame_00029_t0029.03.jpg,DJI_20260817190026_0005_D,29.03,130.49,2450.87,0.88,0,
frame_00030_t0030.03.jpg,DJI_20260817190026_0005_D,30.03,129.96,2572.1,0.84,0,
frame_00031_t0031.03.jpg,DJI_20260817190026_0005_D,31.03,129.37,2423.9,0.86,0,
frame_00032_t0032.03.jpg,DJI_20260817190026_0005_D,32.03,129.03,2368.36,0.79,1,0.2505
frame_00033_t0033.03.jpg,DJI_20260817190026_0005_D,33.03,130.09,2380.6,0.82,0,
frame_00034_t0034.03.jpg,DJI_20260817190026_0005_D,34.03,131.13,2373.85,0.82,1,0.5049
frame_00035_t0035.03.jpg,DJI_20260817190026_0005_D,35.03,131.38,2493.1,0.77,0,
frame_00000_t0000.00.jpg,DJI_20260817190115_0006_D,0.0,148.84,132.92,1.01,0,
frame_00001_t0001.00.jpg,DJI_20260817190115_0006_D,1.0,131.73,1478.46,0.81,1,0.309
frame_00002_t0002.00.jpg,DJI_20260817190115_0006_D,2.0,129.13,897.26,0.9,1,0.4119
frame_00003_t0003.00.jpg,DJI_20260817190115_0006_D,3.0,115.85,375.82,0.18,1,0.2764
frame_00004_t0004.00.jpg,DJI_20260817190115_0006_D,4.0,133.03,767.7,2.13,0,
frame_00005_t0005.00.jpg,DJI_20260817190115_0006_D,5.0,127.2,776.22,0.17,0,
frame_00006_t0006.01.jpg,DJI_20260817190115_0006_D,6.01,104.03,687.35,0.37,0,
frame_00007_t0007.01.jpg,DJI_20260817190115_0006_D,7.01,126.92,1120.11,0.8,2,0.3364
frame_00008_t0008.01.jpg,DJI_20260817190115_0006_D,8.01,125.7,1136.05,0.72,0,
frame_00009_t0009.01.jpg,DJI_20260817190115_0006_D,9.01,125.88,1164.95,0.75,0,
frame_00010_t0010.01.jpg,DJI_20260817190115_0006_D,10.01,126.5,1298.63,0.79,0,
frame_00011_t0011.01.jpg,DJI_20260817190115_0006_D,11.01,127.48,1208.24,0.84,1,0.3039
frame_00012_t0012.01.jpg,DJI_20260817190115_0006_D,12.01,128.84,1187.92,0.85,3,0.3208
frame_00013_t0013.01.jpg,DJI_20260817190115_0006_D,13.01,128.72,1194.46,0.83,1,0.4749
frame_00014_t0014.01.jpg,DJI_20260817190115_0006_D,14.01,128.02,1181.48,0.77,1,0.3319
frame_00015_t0015.01.jpg,DJI_20260817190115_0006_D,15.01,129.31,1261.01,0.69,1,0.2541
frame_00016_t0016.02.jpg,DJI_20260817190115_0006_D,16.02,128.79,1175.43,0.58,1,0.2931
frame_00017_t0017.02.jpg,DJI_20260817190115_0006_D,17.02,129.22,1174.83,0.66,0,
frame_00018_t0018.02.jpg,DJI_20260817190115_0006_D,18.02,130.44,1187.23,0.9,2,0.2778
frame_00019_t0019.02.jpg,DJI_20260817190115_0006_D,19.02,130.18,1176.99,0.78,1,0.2596
frame_00020_t0020.02.jpg,DJI_20260817190115_0006_D,20.02,130.07,1279.38,0.88,0,
frame_00021_t0021.02.jpg,DJI_20260817190115_0006_D,21.02,129.2,1138.85,0.87,1,0.2582
frame_00022_t0022.02.jpg,DJI_20260817190115_0006_D,22.02,130.36,1104.44,0.95,0,
frame_00023_t0023.02.jpg,DJI_20260817190115_0006_D,23.02,131.31,1013.92,0.82,0,
frame_00024_t0024.02.jpg,DJI_20260817190115_0006_D,24.02,129.86,992.87,0.87,1,0.2639
frame_00025_t0025.02.jpg,DJI_20260817190115_0006_D,25.02,129.51,1080.15,1.09,0,
frame_00026_t0026.03.jpg,DJI_20260817190115_0006_D,26.03,130.49,1046.44,1.15,2,0.3821
frame_00027_t0027.03.jpg,DJI_20260817190115_0006_D,27.03,132.82,833.23,1.18,1,0.6677
frame_00028_t0028.03.jpg,DJI_20260817190115_0006_D,28.03,134.93,874.9,1.2,1,0.3664
frame_00029_t0029.03.jpg,DJI_20260817190115_0006_D,29.03,134.98,957.63,1.17,1,0.6474
frame_00030_t0030.03.jpg,DJI_20260817190115_0006_D,30.03,134.24,1097.07,1.16,1,0.7049
frame_00031_t0031.03.jpg,DJI_20260817190115_0006_D,31.03,134.31,1073.64,1.16,1,0.7981
frame_00032_t0032.03.jpg,DJI_20260817190115_0006_D,32.03,134.37,1115.45,1.06,1,0.7534
frame_00033_t0033.03.jpg,DJI_20260817190115_0006_D,33.03,134.86,1143.35,0.88,1,0.2975
frame_00034_t0034.03.jpg,DJI_20260817190115_0006_D,34.03,136.6,1119.0,0.82,0,
frame_00035_t0035.03.jpg,DJI_20260817190115_0006_D,35.03,138.98,1152.91,0.83,0,
frame_00036_t0036.04.jpg,DJI_20260817190115_0006_D,36.04,172.95,1444.12,42.64,1,0.3104
frame_00037_t0037.04.jpg,DJI_20260817190115_0006_D,37.04,118.95,724.39,0.13,0,
frame_00038_t0038.04.jpg,DJI_20260817190115_0006_D,38.04,123.46,800.02,0.15,1,0.2511
frame_00039_t0039.04.jpg,DJI_20260817190115_0006_D,39.04,35.9,20.87,0.0,0,
frame_00040_t0040.04.jpg,DJI_20260817190115_0006_D,40.04,128.3,832.9,0.35,2,0.3268
frame_00041_t0041.04.jpg,DJI_20260817190115_0006_D,41.04,126.35,892.52,0.39,0,
frame_00042_t0042.04.jpg,DJI_20260817190115_0006_D,42.04,126.35,986.52,0.5,1,0.2551
frame_00043_t0043.04.jpg,DJI_20260817190115_0006_D,43.04,127.48,1032.51,0.6,0,
frame_00044_t0044.04.jpg,DJI_20260817190115_0006_D,44.04,125.9,1038.46,0.57,0,
frame_00045_t0045.04.jpg,DJI_20260817190115_0006_D,45.04,125.17,1085.38,0.65,0,
frame_00046_t0046.05.jpg,DJI_20260817190115_0006_D,46.05,122.22,1007.0,0.62,0,
frame_00047_t0047.05.jpg,DJI_20260817190115_0006_D,47.05,120.17,986.16,0.55,0,
frame_00048_t0048.05.jpg,DJI_20260817190115_0006_D,48.05,117.96,992.95,0.4,0,
frame_00049_t0049.05.jpg,DJI_20260817190115_0006_D,49.05,117.14,992.37,0.48,4,0.3952
frame_00050_t0050.05.jpg,DJI_20260817190115_0006_D,50.05,117.61,1085.15,0.84,1,0.2939
frame_00051_t0051.05.jpg,DJI_20260817190115_0006_D,51.05,120.63,1048.92,1.24,2,0.5064
frame_00052_t0052.05.jpg,DJI_20260817190115_0006_D,52.05,121.83,1060.96,1.16,1,0.3926
frame_00053_t0053.05.jpg,DJI_20260817190115_0006_D,53.05,122.45,1027.82,1.07,1,0.3632
frame_00054_t0054.05.jpg,DJI_20260817190115_0006_D,54.05,120.04,966.63,0.89,1,0.5901
frame_00055_t0055.05.jpg,DJI_20260817190115_0006_D,55.05,121.15,1032.43,1.27,0,
frame_00056_t0056.06.jpg,DJI_20260817190115_0006_D,56.06,122.37,938.55,1.34,1,0.3231
frame_00057_t0057.06.jpg,DJI_20260817190115_0006_D,57.06,121.43,945.51,1.35,0,
frame_00058_t0058.06.jpg,DJI_20260817190115_0006_D,58.06,121.62,874.06,1.09,0,
frame_00059_t0059.06.jpg,DJI_20260817190115_0006_D,59.06,123.31,914.12,0.96,0,
frame_00060_t0060.06.jpg,DJI_20260817190115_0006_D,60.06,123.02,999.84,0.93,0,
frame_00061_t0061.06.jpg,DJI_20260817190115_0006_D,61.06,123.13,917.3,0.87,2,0.3593
frame_00062_t0062.06.jpg,DJI_20260817190115_0006_D,62.06,122.42,894.9,0.87,3,0.3221
frame_00063_t0063.06.jpg,DJI_20260817190115_0006_D,63.06,122.86,907.19,0.96,3,0.4363
frame_00064_t0064.06.jpg,DJI_20260817190115_0006_D,64.06,124.15,930.92,0.9,4,0.388
frame_00065_t0065.06.jpg,DJI_20260817190115_0006_D,65.06,122.66,1013.5,0.87,5,0.3081
frame_00066_t0066.07.jpg,DJI_20260817190115_0006_D,66.07,123.08,914.45,0.91,0,
frame_00067_t0067.07.jpg,DJI_20260817190115_0006_D,67.07,126.81,923.56,0.91,1,0.2915
frame_00068_t0068.07.jpg,DJI_20260817190115_0006_D,68.07,124.93,945.67,0.91,1,0.3244
frame_00069_t0069.07.jpg,DJI_20260817190115_0006_D,69.07,124.53,922.79,0.93,2,0.4264
frame_00070_t0070.07.jpg,DJI_20260817190115_0006_D,70.07,123.98,1017.42,0.99,1,0.2716
frame_00071_t0071.07.jpg,DJI_20260817190115_0006_D,71.07,124.51,994.74,0.82,1,0.3001
frame_00072_t0072.07.jpg,DJI_20260817190115_0006_D,72.07,125.75,1018.36,0.92,1,0.3165
frame_00073_t0073.07.jpg,DJI_20260817190115_0006_D,73.07,125.57,938.29,0.87,1,0.3799
frame_00074_t0074.07.jpg,DJI_20260817190115_0006_D,74.07,127.33,984.58,0.84,0,
frame_00075_t0075.07.jpg,DJI_20260817190115_0006_D,75.07,130.1,1018.26,0.84,0,
frame_00076_t0076.08.jpg,DJI_20260817190115_0006_D,76.08,130.97,1075.46,0.9,1,0.4384
frame_00077_t0077.08.jpg,DJI_20260817190115_0006_D,77.08,130.81,1107.42,1.05,2,0.4677
frame_00078_t0078.08.jpg,DJI_20260817190115_0006_D,78.08,130.01,1124.19,1.27,4,0.3366
frame_00079_t0079.08.jpg,DJI_20260817190115_0006_D,79.08,130.05,1096.89,1.29,1,0.4201
frame_00080_t0080.08.jpg,DJI_20260817190115_0006_D,80.08,129.23,1331.02,1.31,1,0.2526
frame_00081_t0081.08.jpg,DJI_20260817190115_0006_D,81.08,129.61,1236.99,1.0,0,
frame_00082_t0082.08.jpg,DJI_20260817190115_0006_D,82.08,130.45,1322.07,1.28,0,
frame_00083_t0083.08.jpg,DJI_20260817190115_0006_D,83.08,129.42,1556.58,1.34,3,0.3772
frame_00084_t0084.08.jpg,DJI_20260817190115_0006_D,84.08,129.21,1517.24,1.32,1,0.417
frame_00085_t0085.08.jpg,DJI_20260817190115_0006_D,85.08,128.02,1553.89,1.49,0,
frame_00086_t0086.09.jpg,DJI_20260817190115_0006_D,86.09,126.85,1433.06,1.43,1,0.3025
frame_00087_t0087.09.jpg,DJI_20260817190115_0006_D,87.09,126.6,1343.08,1.17,1,0.3354
frame_00088_t0088.09.jpg,DJI_20260817190115_0006_D,88.09,125.48,1331.86,1.08,1,0.2871
frame_00089_t0089.09.jpg,DJI_20260817190115_0006_D,89.09,126.18,1210.85,1.05,0,
frame_00090_t0090.09.jpg,DJI_20260817190115_0006_D,90.09,127.21,1243.24,1.04,0,
frame_00091_t0091.09.jpg,DJI_20260817190115_0006_D,91.09,126.65,1084.59,1.02,0,
frame_00092_t0092.09.jpg,DJI_20260817190115_0006_D,92.09,125.88,1009.35,1.03,1,0.2745
frame_00093_t0093.09.jpg,DJI_20260817190115_0006_D,93.09,124.55,881.52,0.83,1,0.3824
frame_00094_t0094.09.jpg,DJI_20260817190115_0006_D,94.09,125.61,871.85,0.76,2,0.3389
frame_00095_t0095.09.jpg,DJI_20260817190115_0006_D,95.09,123.81,946.93,0.74,0,
frame_00096_t0096.10.jpg,DJI_20260817190115_0006_D,96.1,123.97,909.63,0.76,2,0.4371
frame_00097_t0097.10.jpg,DJI_20260817190115_0006_D,97.1,127.04,914.34,1.06,3,0.3465
frame_00098_t0098.10.jpg,DJI_20260817190115_0006_D,98.1,129.02,833.27,1.11,6,0.347
frame_00099_t0099.10.jpg,DJI_20260817190115_0006_D,99.1,129.98,881.6,0.83,1,0.539
frame_00100_t0100.10.jpg,DJI_20260817190115_0006_D,100.1,131.34,848.03,0.79,0,
frame_00101_t0101.10.jpg,DJI_20260817190115_0006_D,101.1,127.32,730.02,0.64,0,
frame_00102_t0102.10.jpg,DJI_20260817190115_0006_D,102.1,129.74,732.37,0.59,0,
frame_00103_t0103.10.jpg,DJI_20260817190115_0006_D,103.1,128.05,804.65,0.62,4,0.4943
frame_00104_t0104.10.jpg,DJI_20260817190115_0006_D,104.1,126.07,790.89,0.53,4,0.5192
frame_00105_t0105.10.jpg,DJI_20260817190115_0006_D,105.1,126.62,1077.61,0.61,4,0.5058
frame_00106_t0106.11.jpg,DJI_20260817190115_0006_D,106.11,124.53,1209.27,0.75,5,0.5149
frame_00107_t0107.11.jpg,DJI_20260817190115_0006_D,107.11,123.62,1168.92,0.93,7,0.5957
frame_00108_t0108.11.jpg,DJI_20260817190115_0006_D,108.11,125.11,1232.63,1.22,9,0.6358
frame_00109_t0109.11.jpg,DJI_20260817190115_0006_D,109.11,125.17,1086.42,1.43,11,0.5756
frame_00110_t0110.11.jpg,DJI_20260817190115_0006_D,110.11,158.27,13.68,0.91,0,
frame_00111_t0111.11.jpg,DJI_20260817190115_0006_D,111.11,129.52,324.96,0.43,1,0.8187
frame_00112_t0112.11.jpg,DJI_20260817190115_0006_D,112.11,135.15,321.35,0.39,1,0.3291
frame_00113_t0113.11.jpg,DJI_20260817190115_0006_D,113.11,139.27,410.59,0.47,1,0.4018
frame_00114_t0114.11.jpg,DJI_20260817190115_0006_D,114.11,142.33,432.96,0.59,1,0.3178
frame_00115_t0115.11.jpg,DJI_20260817190115_0006_D,115.11,123.72,390.24,0.0,0,
frame_00116_t0116.12.jpg,DJI_20260817190115_0006_D,116.12,131.69,496.55,0.02,0,
frame_00117_t0117.12.jpg,DJI_20260817190115_0006_D,117.12,118.75,341.35,0.0,0,
frame_00118_t0118.12.jpg,DJI_20260817190115_0006_D,118.12,120.34,505.74,0.41,0,
frame_00119_t0119.12.jpg,DJI_20260817190115_0006_D,119.12,125.01,613.72,1.08,0,
frame_00120_t0120.12.jpg,DJI_20260817190115_0006_D,120.12,129.49,670.87,1.16,0,
frame_00121_t0121.12.jpg,DJI_20260817190115_0006_D,121.12,129.91,465.15,0.37,2,0.277
frame_00122_t0122.12.jpg,DJI_20260817190115_0006_D,122.12,126.07,454.66,0.08,0,
frame_00123_t0123.12.jpg,DJI_20260817190115_0006_D,123.12,121.67,458.49,0.05,0,
frame_00124_t0124.12.jpg,DJI_20260817190115_0006_D,124.12,118.3,510.95,0.02,0,
frame_00125_t0125.12.jpg,DJI_20260817190115_0006_D,125.12,113.36,544.33,0.01,1,0.3196
frame_00126_t0126.13.jpg,DJI_20260817190115_0006_D,126.13,115.25,594.61,0.0,0,
frame_00127_t0127.13.jpg,DJI_20260817190115_0006_D,127.13,110.09,647.14,0.03,0,
frame_00128_t0128.13.jpg,DJI_20260817190115_0006_D,128.13,106.72,182.17,0.0,1,0.322
frame_00129_t0129.13.jpg,DJI_20260817190115_0006_D,129.13,117.93,175.54,0.1,0,
frame_00130_t0130.13.jpg,DJI_20260817190115_0006_D,130.13,116.39,262.61,0.01,0,
frame_00131_t0131.13.jpg,DJI_20260817190115_0006_D,131.13,115.27,518.85,0.01,0,
frame_00132_t0132.13.jpg,DJI_20260817190115_0006_D,132.13,114.66,470.64,0.01,0,
frame_00133_t0133.13.jpg,DJI_20260817190115_0006_D,133.13,111.13,565.2,0.02,1,0.4432
frame_00134_t0134.13.jpg,DJI_20260817190115_0006_D,134.13,115.65,342.09,0.46,1,0.3354
frame_00135_t0135.13.jpg,DJI_20260817190115_0006_D,135.13,109.1,835.34,0.02,1,0.5772
frame_00136_t0136.14.jpg,DJI_20260817190115_0006_D,136.14,111.52,885.32,0.0,1,0.6709
frame_00137_t0137.14.jpg,DJI_20260817190115_0006_D,137.14,106.09,532.06,0.0,2,0.582
frame_00138_t0138.14.jpg,DJI_20260817190115_0006_D,138.14,106.1,1687.22,0.0,1,0.8308
frame_00139_t0139.14.jpg,DJI_20260817190115_0006_D,139.14,109.15,637.56,0.0,1,0.8409
frame_00140_t0140.14.jpg,DJI_20260817190115_0006_D,140.14,117.61,340.99,0.0,1,0.7457
frame_00141_t0141.14.jpg,DJI_20260817190115_0006_D,141.14,122.01,1600.87,0.0,1,0.6378
frame_00142_t0142.14.jpg,DJI_20260817190115_0006_D,142.14,127.11,1638.39,0.01,1,0.8272
frame_00143_t0143.14.jpg,DJI_20260817190115_0006_D,143.14,126.53,730.28,0.0,1,0.726
frame_00144_t0144.14.jpg,DJI_20260817190115_0006_D,144.14,135.83,1429.24,0.04,1,0.6066
frame_00145_t0145.14.jpg,DJI_20260817190115_0006_D,145.14,142.6,506.75,0.0,0,
frame_00146_t0146.15.jpg,DJI_20260817190115_0006_D,146.15,146.75,555.46,0.0,0,
frame_00147_t0147.15.jpg,DJI_20260817190115_0006_D,147.15,149.75,324.47,0.0,0,
frame_00148_t0148.15.jpg,DJI_20260817190115_0006_D,148.15,147.15,474.04,0.0,0,
frame_00149_t0149.15.jpg,DJI_20260817190115_0006_D,149.15,146.19,900.51,0.0,0,
frame_00150_t0150.15.jpg,DJI_20260817190115_0006_D,150.15,201.42,15.17,25.22,0,
frame_00151_t0151.15.jpg,DJI_20260817190115_0006_D,151.15,99.3,606.07,0.04,2,0.271
frame_00152_t0152.15.jpg,DJI_20260817190115_0006_D,152.15,112.62,130.23,0.01,0,
frame_00153_t0153.15.jpg,DJI_20260817190115_0006_D,153.15,109.76,22.89,0.03,0,
frame_00154_t0154.15.jpg,DJI_20260817190115_0006_D,154.15,110.05,34.11,0.04,0,
frame_00000_t0000.00.jpg,DJI_20260817190510_0007_D,0.0,106.18,233.45,1.79,0,
frame_00001_t0001.00.jpg,DJI_20260817190510_0007_D,1.0,110.25,231.2,1.9,5,0.348
frame_00002_t0002.00.jpg,DJI_20260817190510_0007_D,2.0,108.89,353.35,1.79,2,0.3761
frame_00003_t0003.00.jpg,DJI_20260817190510_0007_D,3.0,109.28,356.08,1.73,3,0.2889
frame_00004_t0004.00.jpg,DJI_20260817190510_0007_D,4.0,109.5,367.23,1.77,2,0.3274
frame_00005_t0005.00.jpg,DJI_20260817190510_0007_D,5.0,108.34,399.7,1.75,2,0.3758
frame_00006_t0006.01.jpg,DJI_20260817190510_0007_D,6.01,108.76,383.19,1.78,0,
frame_00007_t0007.01.jpg,DJI_20260817190510_0007_D,7.01,108.69,382.27,1.79,0,
frame_00008_t0008.01.jpg,DJI_20260817190510_0007_D,8.01,107.94,387.67,1.83,2,0.4656
frame_00009_t0009.01.jpg,DJI_20260817190510_0007_D,9.01,106.53,359.96,1.79,0,
frame_00010_t0010.01.jpg,DJI_20260817190510_0007_D,10.01,106.6,388.73,1.79,1,0.5472
frame_00011_t0011.01.jpg,DJI_20260817190510_0007_D,11.01,106.51,339.37,1.8,0,
frame_00012_t0012.01.jpg,DJI_20260817190510_0007_D,12.01,105.95,348.19,1.82,0,
frame_00013_t0013.01.jpg,DJI_20260817190510_0007_D,13.01,105.16,338.4,1.83,1,0.3508
frame_00014_t0014.01.jpg,DJI_20260817190510_0007_D,14.01,104.54,313.63,1.81,0,
frame_00015_t0015.01.jpg,DJI_20260817190510_0007_D,15.01,104.89,362.05,1.78,0,
frame_00016_t0016.02.jpg,DJI_20260817190510_0007_D,16.02,104.55,304.64,1.79,0,
frame_00017_t0017.02.jpg,DJI_20260817190510_0007_D,17.02,104.25,296.63,1.76,0,
frame_00018_t0018.02.jpg,DJI_20260817190510_0007_D,18.02,103.69,272.88,1.79,0,
frame_00019_t0019.02.jpg,DJI_20260817190510_0007_D,19.02,103.9,248.06,1.67,1,0.2856
frame_00020_t0020.02.jpg,DJI_20260817190510_0007_D,20.02,104.51,302.64,1.68,0,
frame_00021_t0021.02.jpg,DJI_20260817190510_0007_D,21.02,104.42,253.13,1.71,0,
frame_00022_t0022.02.jpg,DJI_20260817190510_0007_D,22.02,105.12,274.89,1.66,0,
frame_00023_t0023.02.jpg,DJI_20260817190510_0007_D,23.02,105.47,260.7,1.57,0,
frame_00024_t0024.02.jpg,DJI_20260817190510_0007_D,24.02,106.29,261.57,1.63,0,
frame_00025_t0025.02.jpg,DJI_20260817190510_0007_D,25.02,110.76,297.95,1.7,0,
frame_00026_t0026.03.jpg,DJI_20260817190510_0007_D,26.03,112.62,332.46,1.7,0,
frame_00027_t0027.03.jpg,DJI_20260817190510_0007_D,27.03,112.66,339.5,1.75,0,
frame_00028_t0028.03.jpg,DJI_20260817190510_0007_D,28.03,108.66,280.27,1.93,0,
frame_00029_t0029.03.jpg,DJI_20260817190510_0007_D,29.03,105.56,291.31,1.97,0,
frame_00030_t0030.03.jpg,DJI_20260817190510_0007_D,30.03,101.89,330.42,1.86,0,
frame_00031_t0031.03.jpg,DJI_20260817190510_0007_D,31.03,99.47,300.99,1.87,0,
frame_00032_t0032.03.jpg,DJI_20260817190510_0007_D,32.03,96.39,299.7,1.95,0,
frame_00033_t0033.03.jpg,DJI_20260817190510_0007_D,33.03,94.68,291.77,2.0,0,
frame_00034_t0034.03.jpg,DJI_20260817190510_0007_D,34.03,92.82,326.75,2.41,0,
frame_00035_t0035.03.jpg,DJI_20260817190510_0007_D,35.03,91.32,360.57,2.46,0,
frame_00036_t0036.04.jpg,DJI_20260817190510_0007_D,36.04,91.21,336.2,2.99,0,
frame_00037_t0037.04.jpg,DJI_20260817190510_0007_D,37.04,94.06,385.6,3.65,0,
frame_00038_t0038.04.jpg,DJI_20260817190510_0007_D,38.04,90.62,421.0,3.04,0,
frame_00039_t0039.04.jpg,DJI_20260817190510_0007_D,39.04,91.12,414.68,2.54,0,
frame_00040_t0040.04.jpg,DJI_20260817190510_0007_D,40.04,94.64,493.64,2.01,0,
frame_00041_t0041.04.jpg,DJI_20260817190510_0007_D,41.04,107.8,538.84,1.39,0,
frame_00042_t0042.04.jpg,DJI_20260817190510_0007_D,42.04,123.36,614.13,0.65,0,
frame_00043_t0043.04.jpg,DJI_20260817190510_0007_D,43.04,130.44,648.46,0.11,0,
frame_00044_t0044.04.jpg,DJI_20260817190510_0007_D,44.04,131.11,892.26,0.09,0,
frame_00045_t0045.04.jpg,DJI_20260817190510_0007_D,45.04,132.56,1341.22,0.38,0,
frame_00046_t0046.05.jpg,DJI_20260817190510_0007_D,46.05,133.01,1225.51,0.73,0,
frame_00047_t0047.05.jpg,DJI_20260817190510_0007_D,47.05,132.63,1237.48,0.77,0,
frame_00048_t0048.05.jpg,DJI_20260817190510_0007_D,48.05,131.21,1247.82,0.78,0,
frame_00049_t0049.05.jpg,DJI_20260817190510_0007_D,49.05,131.14,1267.73,0.79,0,
frame_00050_t0050.05.jpg,DJI_20260817190510_0007_D,50.05,130.15,1370.93,0.78,0,
frame_00051_t0051.05.jpg,DJI_20260817190510_0007_D,51.05,130.38,1279.29,0.81,0,
frame_00052_t0052.05.jpg,DJI_20260817190510_0007_D,52.05,129.12,1279.18,0.8,0,
frame_00053_t0053.05.jpg,DJI_20260817190510_0007_D,53.05,128.19,1269.4,0.8,1,0.3011
frame_00054_t0054.05.jpg,DJI_20260817190510_0007_D,54.05,127.88,1275.46,0.8,0,
frame_00000_t0000.00.jpg,DJI_20260817190613_0008_D,0.0,131.55,1248.81,0.65,0,
frame_00001_t0001.00.jpg,DJI_20260817190613_0008_D,1.0,131.33,995.95,0.65,0,
frame_00002_t0002.00.jpg,DJI_20260817190613_0008_D,2.0,132.75,963.0,0.67,0,
frame_00003_t0003.00.jpg,DJI_20260817190613_0008_D,3.0,132.75,1082.63,0.7,0,
frame_00004_t0004.00.jpg,DJI_20260817190613_0008_D,4.0,131.23,1084.47,0.64,0,
frame_00005_t0005.00.jpg,DJI_20260817190613_0008_D,5.0,131.62,1082.77,0.62,0,
frame_00006_t0006.01.jpg,DJI_20260817190613_0008_D,6.01,133.84,1061.94,0.71,0,
frame_00007_t0007.01.jpg,DJI_20260817190613_0008_D,7.01,130.07,1059.23,0.35,0,
frame_00008_t0008.01.jpg,DJI_20260817190613_0008_D,8.01,131.07,1116.84,0.18,0,
frame_00009_t0009.01.jpg,DJI_20260817190613_0008_D,9.01,125.14,883.94,0.03,0,
frame_00010_t0010.01.jpg,DJI_20260817190613_0008_D,10.01,124.29,424.34,0.12,0,
frame_00011_t0011.01.jpg,DJI_20260817190613_0008_D,11.01,127.58,436.06,0.44,0,
frame_00012_t0012.01.jpg,DJI_20260817190613_0008_D,12.01,124.01,536.54,1.12,0,
frame_00013_t0013.01.jpg,DJI_20260817190613_0008_D,13.01,116.86,566.56,1.7,0,
frame_00014_t0014.01.jpg,DJI_20260817190613_0008_D,14.01,105.5,445.96,2.54,0,
frame_00015_t0015.01.jpg,DJI_20260817190613_0008_D,15.01,90.86,383.82,3.08,0,
frame_00016_t0016.02.jpg,DJI_20260817190613_0008_D,16.02,82.66,249.2,3.32,0,
frame_00017_t0017.02.jpg,DJI_20260817190613_0008_D,17.02,85.08,242.49,3.42,0,
frame_00018_t0018.02.jpg,DJI_20260817190613_0008_D,18.02,85.97,189.9,3.06,0,
frame_00019_t0019.02.jpg,DJI_20260817190613_0008_D,19.02,83.56,170.06,2.62,0,
frame_00020_t0020.02.jpg,DJI_20260817190613_0008_D,20.02,83.84,145.42,2.42,0,
frame_00021_t0021.02.jpg,DJI_20260817190613_0008_D,21.02,84.54,152.18,2.15,0,
frame_00022_t0022.02.jpg,DJI_20260817190613_0008_D,22.02,88.81,139.22,2.34,0,
frame_00023_t0023.02.jpg,DJI_20260817190613_0008_D,23.02,92.73,167.93,2.23,0,
frame_00024_t0024.02.jpg,DJI_20260817190613_0008_D,24.02,97.65,157.39,2.29,0,
frame_00025_t0025.02.jpg,DJI_20260817190613_0008_D,25.02,100.79,153.78,2.29,0,
frame_00026_t0026.03.jpg,DJI_20260817190613_0008_D,26.03,104.15,182.94,2.41,0,
frame_00027_t0027.03.jpg,DJI_20260817190613_0008_D,27.03,106.9,198.52,2.52,0,
frame_00028_t0028.03.jpg,DJI_20260817190613_0008_D,28.03,108.84,157.11,2.72,0,
frame_00029_t0029.03.jpg,DJI_20260817190613_0008_D,29.03,108.97,216.66,2.4,0,
frame_00030_t0030.03.jpg,DJI_20260817190613_0008_D,30.03,108.87,236.8,2.4,0,
frame_00031_t0031.03.jpg,DJI_20260817190613_0008_D,31.03,108.76,222.41,2.36,0,
frame_00032_t0032.03.jpg,DJI_20260817190613_0008_D,32.03,107.97,177.3,2.08,0,
frame_00033_t0033.03.jpg,DJI_20260817190613_0008_D,33.03,107.89,189.78,2.07,0,
frame_00034_t0034.03.jpg,DJI_20260817190613_0008_D,34.03,107.9,180.22,2.08,0,
frame_00035_t0035.03.jpg,DJI_20260817190613_0008_D,35.03,107.92,170.6,1.73,0,
frame_00036_t0036.04.jpg,DJI_20260817190613_0008_D,36.04,107.89,281.83,1.71,0,
frame_00037_t0037.04.jpg,DJI_20260817190613_0008_D,37.04,107.98,307.73,1.75,0,
frame_00000_t0000.00.jpg,DJI_20260817190704_0009_D,0.0,134.13,808.03,0.02,0,
frame_00001_t0001.00.jpg,DJI_20260817190704_0009_D,1.0,134.05,861.92,0.02,0,
frame_00002_t0002.00.jpg,DJI_20260817190704_0009_D,2.0,133.89,895.41,0.02,0,
frame_00003_t0003.00.jpg,DJI_20260817190704_0009_D,3.0,133.81,894.2,0.02,0,
frame_00004_t0004.00.jpg,DJI_20260817190704_0009_D,4.0,133.67,880.82,0.02,0,
frame_00005_t0005.00.jpg,DJI_20260817190704_0009_D,5.0,133.5,882.22,0.02,0,
frame_00006_t0006.01.jpg,DJI_20260817190704_0009_D,6.01,133.34,872.55,0.02,0,
frame_00007_t0007.01.jpg,DJI_20260817190704_0009_D,7.01,133.16,871.67,0.02,0,
frame_00008_t0008.01.jpg,DJI_20260817190704_0009_D,8.01,132.87,862.51,0.02,0,
frame_00009_t0009.01.jpg,DJI_20260817190704_0009_D,9.01,132.6,886.1,0.02,0,
frame_00010_t0010.01.jpg,DJI_20260817190704_0009_D,10.01,132.27,905.95,0.02,0,
frame_00011_t0011.01.jpg,DJI_20260817190704_0009_D,11.01,131.96,878.81,0.02,0,
frame_00012_t0012.01.jpg,DJI_20260817190704_0009_D,12.01,131.86,890.21,0.01,0,
frame_00013_t0013.01.jpg,DJI_20260817190704_0009_D,13.01,131.79,882.33,0.02,0,
frame_00014_t0014.01.jpg,DJI_20260817190704_0009_D,14.01,131.66,894.36,0.02,0,
frame_00015_t0015.01.jpg,DJI_20260817190704_0009_D,15.01,131.7,918.87,0.01,0,
frame_00016_t0016.02.jpg,DJI_20260817190704_0009_D,16.02,131.62,895.99,0.02,0,
frame_00017_t0017.02.jpg,DJI_20260817190704_0009_D,17.02,131.97,890.18,0.02,0,
frame_00018_t0018.02.jpg,DJI_20260817190704_0009_D,18.02,131.91,872.78,0.01,0,
frame_00019_t0019.02.jpg,DJI_20260817190704_0009_D,19.02,132.03,887.65,0.01,1,0.2676
frame_00020_t0020.02.jpg,DJI_20260817190704_0009_D,20.02,132.02,896.28,0.02,1,0.3431
frame_00021_t0021.02.jpg,DJI_20260817190704_0009_D,21.02,131.95,838.09,0.01,1,0.3202
frame_00022_t0022.02.jpg,DJI_20260817190704_0009_D,22.02,131.97,902.8,0.01,1,0.3045
frame_00023_t0023.02.jpg,DJI_20260817190704_0009_D,23.02,131.89,854.52,0.01,1,0.3724
frame_00024_t0024.02.jpg,DJI_20260817190704_0009_D,24.02,132.11,969.72,0.02,2,0.2803
frame_00025_t0025.02.jpg,DJI_20260817190704_0009_D,25.02,132.09,959.81,0.02,1,0.2685
frame_00026_t0026.03.jpg,DJI_20260817190704_0009_D,26.03,132.04,983.91,0.02,1,0.301
frame_00027_t0027.03.jpg,DJI_20260817190704_0009_D,27.03,131.93,983.68,0.01,1,0.3288
frame_00028_t0028.03.jpg,DJI_20260817190704_0009_D,28.03,131.76,988.1,0.01,0,
frame_00029_t0029.03.jpg,DJI_20260817190704_0009_D,29.03,131.82,985.27,0.02,0,
frame_00030_t0030.03.jpg,DJI_20260817190704_0009_D,30.03,131.66,1018.79,0.02,0,
frame_00031_t0031.03.jpg,DJI_20260817190704_0009_D,31.03,131.67,984.66,0.02,0,
frame_00032_t0032.03.jpg,DJI_20260817190704_0009_D,32.03,131.58,986.46,0.02,0,
frame_00033_t0033.03.jpg,DJI_20260817190704_0009_D,33.03,131.51,987.06,0.02,0,
frame_00034_t0034.03.jpg,DJI_20260817190704_0009_D,34.03,131.61,988.47,0.02,0,
frame_00035_t0035.03.jpg,DJI_20260817190704_0009_D,35.03,131.72,1029.13,0.02,1,0.261
frame_00036_t0036.04.jpg,DJI_20260817190704_0009_D,36.04,131.72,960.08,0.02,1,0.2796
frame_00037_t0037.04.jpg,DJI_20260817190704_0009_D,37.04,131.82,970.79,0.02,1,0.2517
frame_00038_t0038.04.jpg,DJI_20260817190704_0009_D,38.04,131.69,969.28,0.02,1,0.3078
frame_00039_t0039.04.jpg,DJI_20260817190704_0009_D,39.04,131.53,963.46,0.02,1,0.2854
frame_00040_t0040.04.jpg,DJI_20260817190704_0009_D,40.04,131.34,976.68,0.02,1,0.2776
frame_00041_t0041.04.jpg,DJI_20260817190704_0009_D,41.04,131.14,943.14,0.02,1,0.2608
frame_00042_t0042.04.jpg,DJI_20260817190704_0009_D,42.04,130.94,930.39,0.01,1,0.2864
frame_00043_t0043.04.jpg,DJI_20260817190704_0009_D,43.04,130.7,934.39,0.01,1,0.3072
frame_00044_t0044.04.jpg,DJI_20260817190704_0009_D,44.04,130.67,906.51,0.01,1,0.3532
frame_00045_t0045.04.jpg,DJI_20260817190704_0009_D,45.04,130.72,954.55,0.02,1,0.3658
frame_00046_t0046.05.jpg,DJI_20260817190704_0009_D,46.05,130.66,873.47,0.02,1,0.3746
frame_00047_t0047.05.jpg,DJI_20260817190704_0009_D,47.05,130.61,894.56,0.02,1,0.3829
frame_00048_t0048.05.jpg,DJI_20260817190704_0009_D,48.05,130.62,853.05,0.02,1,0.3378
frame_00049_t0049.05.jpg,DJI_20260817190704_0009_D,49.05,130.55,842.81,0.02,1,0.3883
frame_00050_t0050.05.jpg,DJI_20260817190704_0009_D,50.05,130.43,897.94,0.02,1,0.4225
frame_00051_t0051.05.jpg,DJI_20260817190704_0009_D,51.05,130.35,854.99,0.01,1,0.4895
frame_00052_t0052.05.jpg,DJI_20260817190704_0009_D,52.05,130.42,854.33,0.02,1,0.4773
frame_00053_t0053.05.jpg,DJI_20260817190704_0009_D,53.05,130.3,849.48,0.01,1,0.4968
frame_00054_t0054.05.jpg,DJI_20260817190704_0009_D,54.05,130.37,867.12,0.01,1,0.5415
frame_00055_t0055.05.jpg,DJI_20260817190704_0009_D,55.05,130.45,879.56,0.02,1,0.5328
frame_00056_t0056.06.jpg,DJI_20260817190704_0009_D,56.06,130.36,866.84,0.01,1,0.4866
frame_00057_t0057.06.jpg,DJI_20260817190704_0009_D,57.06,130.38,866.81,0.02,1,0.4566
frame_00058_t0058.06.jpg,DJI_20260817190704_0009_D,58.06,130.37,859.14,0.02,1,0.483
frame_00059_t0059.06.jpg,DJI_20260817190704_0009_D,59.06,130.8,866.27,0.02,3,0.3313
frame_00060_t0060.06.jpg,DJI_20260817190704_0009_D,60.06,130.88,895.31,0.02,1,0.4431
frame_00061_t0061.06.jpg,DJI_20260817190704_0009_D,61.06,130.76,850.87,0.01,1,0.44
frame_00062_t0062.06.jpg,DJI_20260817190704_0009_D,62.06,130.59,860.23,0.01,1,0.4493
frame_00063_t0063.06.jpg,DJI_20260817190704_0009_D,63.06,130.36,845.19,0.01,1,0.3459
frame_00064_t0064.06.jpg,DJI_20260817190704_0009_D,64.06,130.54,851.99,0.01,1,0.4014
frame_00065_t0065.06.jpg,DJI_20260817190704_0009_D,65.06,130.46,870.23,0.01,1,0.4481
frame_00066_t0066.07.jpg,DJI_20260817190704_0009_D,66.07,130.4,841.65,0.01,1,0.4487
frame_00067_t0067.07.jpg,DJI_20260817190704_0009_D,67.07,130.36,818.42,0.01,1,0.5273
frame_00068_t0068.07.jpg,DJI_20260817190704_0009_D,68.07,130.2,836.24,0.01,1,0.5161
frame_00069_t0069.07.jpg,DJI_20260817190704_0009_D,69.07,130.13,828.74,0.01,2,0.4484
frame_00070_t0070.07.jpg,DJI_20260817190704_0009_D,70.07,130.32,863.92,0.01,2,0.4949
frame_00071_t0071.07.jpg,DJI_20260817190704_0009_D,71.07,130.29,828.9,0.01,1,0.4932
frame_00000_t0000.00.jpg,DJI_20260817190838_0010_D,0.0,130.23,332.45,0.78,0,
frame_00001_t0001.00.jpg,DJI_20260817190838_0010_D,1.0,128.44,1121.31,1.17,0,
frame_00002_t0002.00.jpg,DJI_20260817190838_0010_D,2.0,127.74,1049.14,1.18,0,
frame_00003_t0003.00.jpg,DJI_20260817190838_0010_D,3.0,127.3,1001.0,1.14,0,
frame_00004_t0004.00.jpg,DJI_20260817190838_0010_D,4.0,127.28,986.83,1.25,0,
frame_00005_t0005.00.jpg,DJI_20260817190838_0010_D,5.0,125.93,1056.03,1.34,0,
frame_00006_t0006.01.jpg,DJI_20260817190838_0010_D,6.01,124.75,936.52,1.38,2,0.3289
frame_00007_t0007.01.jpg,DJI_20260817190838_0010_D,7.01,124.36,981.75,1.41,0,
frame_00008_t0008.01.jpg,DJI_20260817190838_0010_D,8.01,123.43,959.4,1.31,0,
frame_00009_t0009.01.jpg,DJI_20260817190838_0010_D,9.01,122.2,928.68,1.16,0,
frame_00010_t0010.01.jpg,DJI_20260817190838_0010_D,10.01,120.59,1046.93,1.09,0,
frame_00011_t0011.01.jpg,DJI_20260817190838_0010_D,11.01,119.85,976.52,1.03,1,0.3758
frame_00012_t0012.01.jpg,DJI_20260817190838_0010_D,12.01,120.94,1019.44,1.07,0,
frame_00013_t0013.01.jpg,DJI_20260817190838_0010_D,13.01,121.05,976.23,1.04,0,
frame_00014_t0014.01.jpg,DJI_20260817190838_0010_D,14.01,120.68,998.71,1.0,0,
frame_00015_t0015.01.jpg,DJI_20260817190838_0010_D,15.01,120.65,1075.99,0.96,1,0.2531
frame_00016_t0016.02.jpg,DJI_20260817190838_0010_D,16.02,122.03,1086.34,1.0,0,
frame_00017_t0017.02.jpg,DJI_20260817190838_0010_D,17.02,124.13,1089.98,1.03,0,
frame_00018_t0018.02.jpg,DJI_20260817190838_0010_D,18.02,125.81,1110.06,0.97,0,
frame_00019_t0019.02.jpg,DJI_20260817190838_0010_D,19.02,124.92,1068.36,0.76,0,
frame_00020_t0020.02.jpg,DJI_20260817190838_0010_D,20.02,126.34,1077.95,0.56,0,
frame_00021_t0021.02.jpg,DJI_20260817190838_0010_D,21.02,127.93,943.41,0.53,0,
frame_00022_t0022.02.jpg,DJI_20260817190838_0010_D,22.02,128.61,1002.59,0.55,0,
frame_00023_t0023.02.jpg,DJI_20260817190838_0010_D,23.02,130.42,1098.55,0.8,0,
frame_00024_t0024.02.jpg,DJI_20260817190838_0010_D,24.02,130.04,1086.3,0.69,0,
frame_00025_t0025.02.jpg,DJI_20260817190838_0010_D,25.02,129.31,1139.97,0.65,0,
frame_00026_t0026.03.jpg,DJI_20260817190838_0010_D,26.03,129.24,1032.22,0.61,0,
frame_00027_t0027.03.jpg,DJI_20260817190838_0010_D,27.03,127.53,1037.5,0.67,0,
frame_00028_t0028.03.jpg,DJI_20260817190838_0010_D,28.03,124.3,962.23,0.52,0,
frame_00029_t0029.03.jpg,DJI_20260817190838_0010_D,29.03,121.66,960.91,0.64,0,
frame_00030_t0030.03.jpg,DJI_20260817190838_0010_D,30.03,121.38,1129.22,0.67,1,0.3958
frame_00031_t0031.03.jpg,DJI_20260817190838_0010_D,31.03,121.8,1168.33,0.63,0,
frame_00032_t0032.03.jpg,DJI_20260817190838_0010_D,32.03,122.35,1118.38,0.56,0,
frame_00033_t0033.03.jpg,DJI_20260817190838_0010_D,33.03,122.47,989.46,0.61,0,
frame_00034_t0034.03.jpg,DJI_20260817190838_0010_D,34.03,122.57,905.47,0.58,0,
frame_00035_t0035.03.jpg,DJI_20260817190838_0010_D,35.03,123.65,890.13,0.44,2,0.593
frame_00036_t0036.04.jpg,DJI_20260817190838_0010_D,36.04,124.43,844.59,0.56,2,0.3392
frame_00037_t0037.04.jpg,DJI_20260817190838_0010_D,37.04,125.39,828.31,0.67,2,0.2898
frame_00038_t0038.04.jpg,DJI_20260817190838_0010_D,38.04,126.11,855.29,0.65,0,
frame_00039_t0039.04.jpg,DJI_20260817190838_0010_D,39.04,127.17,803.75,0.73,0,
frame_00040_t0040.04.jpg,DJI_20260817190838_0010_D,40.04,126.87,883.21,0.63,0,
frame_00041_t0041.04.jpg,DJI_20260817190838_0010_D,41.04,127.61,810.05,0.55,0,
frame_00042_t0042.04.jpg,DJI_20260817190838_0010_D,42.04,129.52,767.01,0.53,0,
frame_00043_t0043.04.jpg,DJI_20260817190838_0010_D,43.04,129.94,687.55,0.56,1,0.2586
frame_00044_t0044.04.jpg,DJI_20260817190838_0010_D,44.04,132.34,614.73,0.52,0,
frame_00045_t0045.04.jpg,DJI_20260817190838_0010_D,45.04,129.83,601.16,0.53,4,0.4299
frame_00046_t0046.05.jpg,DJI_20260817190838_0010_D,46.05,133.76,522.88,0.54,3,0.4426
frame_00047_t0047.05.jpg,DJI_20260817190838_0010_D,47.05,139.36,448.61,0.54,1,0.3496
frame_00048_t0048.05.jpg,DJI_20260817190838_0010_D,48.05,141.73,466.49,0.38,0,
frame_00049_t0049.05.jpg,DJI_20260817190838_0010_D,49.05,142.64,412.85,0.51,0,
frame_00050_t0050.05.jpg,DJI_20260817190838_0010_D,50.05,139.59,494.93,0.51,1,0.3226
frame_00051_t0051.05.jpg,DJI_20260817190838_0010_D,51.05,135.4,428.56,0.34,0,
frame_00052_t0052.05.jpg,DJI_20260817190838_0010_D,52.05,131.72,667.55,0.23,1,0.3777
frame_00053_t0053.05.jpg,DJI_20260817190838_0010_D,53.05,130.25,818.56,0.3,0,
frame_00054_t0054.05.jpg,DJI_20260817190838_0010_D,54.05,128.34,857.65,0.22,1,0.5121
frame_00055_t0055.05.jpg,DJI_20260817190838_0010_D,55.05,127.92,794.65,0.12,0,
frame_00056_t0056.06.jpg,DJI_20260817190838_0010_D,56.06,126.1,1059.95,0.06,0,
frame_00057_t0057.06.jpg,DJI_20260817190838_0010_D,57.06,127.35,1025.54,0.1,0,
frame_00058_t0058.06.jpg,DJI_20260817190838_0010_D,58.06,128.65,643.91,0.19,2,0.2914
frame_00059_t0059.06.jpg,DJI_20260817190838_0010_D,59.06,127.27,707.57,0.23,0,
frame_00060_t0060.06.jpg,DJI_20260817190838_0010_D,60.06,126.88,822.67,0.25,2,0.3434
frame_00061_t0061.06.jpg,DJI_20260817190838_0010_D,61.06,126.05,741.57,0.36,0,
frame_00062_t0062.06.jpg,DJI_20260817190838_0010_D,62.06,124.84,849.98,0.36,2,0.4234
frame_00063_t0063.06.jpg,DJI_20260817190838_0010_D,63.06,121.86,530.67,0.29,1,0.743
frame_00064_t0064.06.jpg,DJI_20260817190838_0010_D,64.06,119.27,588.18,0.14,1,0.6254
frame_00065_t0065.06.jpg,DJI_20260817190838_0010_D,65.06,118.66,307.73,0.0,0,
frame_00066_t0066.07.jpg,DJI_20260817190838_0010_D,66.07,114.96,159.19,0.0,0,
frame_00067_t0067.07.jpg,DJI_20260817190838_0010_D,67.07,107.88,288.73,0.0,1,0.6129
frame_00068_t0068.07.jpg,DJI_20260817190838_0010_D,68.07,119.45,333.43,0.0,1,0.504
frame_00069_t0069.07.jpg,DJI_20260817190838_0010_D,69.07,131.54,353.52,0.0,0,
frame_00070_t0070.07.jpg,DJI_20260817190838_0010_D,70.07,124.5,1076.94,0.0,0,
frame_00071_t0071.07.jpg,DJI_20260817190838_0010_D,71.07,116.43,584.77,0.0,0,
frame_00072_t0072.07.jpg,DJI_20260817190838_0010_D,72.07,116.86,133.3,0.0,1,0.2737
frame_00073_t0073.07.jpg,DJI_20260817190838_0010_D,73.07,122.64,487.88,0.0,0,
frame_00074_t0074.07.jpg,DJI_20260817190838_0010_D,74.07,128.65,166.01,0.0,1,0.4172
frame_00075_t0075.07.jpg,DJI_20260817190838_0010_D,75.07,124.94,507.55,0.0,0,
frame_00076_t0076.08.jpg,DJI_20260817190838_0010_D,76.08,120.95,332.17,0.0,0,
frame_00077_t0077.08.jpg,DJI_20260817190838_0010_D,77.08,121.89,164.08,0.0,1,0.3644
frame_00078_t0078.08.jpg,DJI_20260817190838_0010_D,78.08,119.58,406.8,0.0,1,0.3537
frame_00079_t0079.08.jpg,DJI_20260817190838_0010_D,79.08,118.04,174.94,0.0,2,0.5514
frame_00080_t0080.08.jpg,DJI_20260817190838_0010_D,80.08,118.59,405.77,0.0,0,
frame_00081_t0081.08.jpg,DJI_20260817190838_0010_D,81.08,113.86,146.84,0.0,0,
frame_00082_t0082.08.jpg,DJI_20260817190838_0010_D,82.08,82.97,267.83,0.0,0,
frame_00083_t0083.08.jpg,DJI_20260817190838_0010_D,83.08,125.76,92.91,0.0,0,
frame_00084_t0084.08.jpg,DJI_20260817190838_0010_D,84.08,133.52,469.37,0.0,0,
frame_00085_t0085.08.jpg,DJI_20260817190838_0010_D,85.08,134.38,287.9,0.0,0,
frame_00086_t0086.09.jpg,DJI_20260817190838_0010_D,86.09,135.68,344.05,0.0,0,
frame_00087_t0087.09.jpg,DJI_20260817190838_0010_D,87.09,134.45,819.84,0.0,1,0.2695
frame_00088_t0088.09.jpg,DJI_20260817190838_0010_D,88.09,132.78,753.71,0.0,1,0.2868
frame_00089_t0089.09.jpg,DJI_20260817190838_0010_D,89.09,195.51,1.67,15.37,0,
frame_00090_t0090.09.jpg,DJI_20260817190838_0010_D,90.09,106.75,404.6,0.0,0,
frame_00091_t0091.09.jpg,DJI_20260817190838_0010_D,91.09,109.09,33.92,0.0,2,0.3253
frame_00092_t0092.09.jpg,DJI_20260817190838_0010_D,92.09,109.65,78.17,0.0,1,0.372
frame_00093_t0093.09.jpg,DJI_20260817190838_0010_D,93.09,109.97,275.96,0.0,1,0.3297
